date,open,high,low,close,volume,Dividends,Stock Splits
2023-01-03 00:00:00-05:00,4.809999943,4.880000114,4.420000076,4.630000114,12707300,0,0
2023-01-04 00:00:00-05:00,4.659999847,5.09800005,4.554999828,5.039999962,11970100,0,0
2023-01-05 00:00:00-05:00,4.869999886,4.920000076,4.510000229,4.550000191,9938400,0,0
2023-01-06 00:00:00-05:00,4.590000153,4.590000153,4.230000019,4.409999847,8401700,0,0
2023-01-09 00:00:00-05:00,4.46999979,4.789999962,4.389999866,4.440000057,9639200,0,0
2023-01-10 00:00:00-05:00,4.380000114,4.65500021,4.349999905,4.420000076,6300500,0,0
2023-01-11 00:00:00-05:00,4.480000019,5.829999924,4.46999979,5.5,38685700,0,0
2023-01-12 00:00:00-05:00,5.630000114,8.100000381,5.159999847,8.029999733,87408500,0,0
2023-01-13 00:00:00-05:00,7.420000076,8.43999958,6.489999771,7.019999981,67668200,0,0
2023-01-17 00:00:00-05:00,7.210000038,8.210000038,6.829999924,7.309999943,33801800,0,0
2023-01-18 00:00:00-05:00,7.679999828,8.300000191,6.892000198,6.980000019,35391500,0,0
2023-01-19 00:00:00-05:00,6.75,6.798999786,6.041999817,6.380000114,17168100,0,0
2023-01-20 00:00:00-05:00,6.494999886,6.550000191,6.059999943,6.489999771,13554000,0,0
2023-01-23 00:00:00-05:00,6.630000114,7.389999866,6.489999771,7.179999828,25017900,0,0
2023-01-24 00:00:00-05:00,6.985000134,7.559999943,6.619999886,6.639999866,13589600,0,0
2023-01-25 00:00:00-05:00,6.409999847,6.695000172,6.079999924,6.429999828,11322500,0,0
2023-01-26 00:00:00-05:00,6.809999943,7.150000095,6.150000095,6.5,18975400,0,0
2023-01-27 00:00:00-05:00,6.400000095,8.090000153,6.329999924,7.769999981,36032000,0,0
2023-01-30 00:00:00-05:00,8.350000381,10.86600018,8.112000465,10,108391200,0,0
2023-01-31 00:00:00-05:00,11.07999992,11.18000031,9.135000229,10.17000008,66572000,0,0
2023-02-01 00:00:00-05:00,10.10000038,14.35000038,9.850000381,13.56000042,86425400,0,0
2023-02-02 00:00:00-05:00,17.43000031,19.87000084,13.40999985,14.25,148292700,0,0
2023-02-03 00:00:00-05:00,12.94999981,16.20999908,12.94999981,14.44999981,61033600,0,0
2023-02-06 00:00:00-05:00,13.96000004,14.59000015,13.02000046,13.43000031,32385400,0,0
2023-02-07 00:00:00-05:00,13.35999966,13.78999996,12.10000038,13.18999958,25477500,0,0
2023-02-08 00:00:00-05:00,13,16.77000046,12.77000046,14.01000023,54973800,0,0
2023-02-09 00:00:00-05:00,15,15.39999962,11.80000019,11.94999981,36189100,0,0
2023-02-10 00:00:00-05:00,11.66499996,12.23999977,10.60999966,10.84000015,19145000,0,0
2023-02-13 00:00:00-05:00,10.65999985,11.35999966,10.17000008,11.02000046,17271100,0,0
2023-02-14 00:00:00-05:00,10.68000031,11.75,10.06000042,10.72000027,25744900,0,0
2023-02-15 00:00:00-05:00,10.54500008,12.80500031,10.52000046,12.68999958,31120300,0,0
2023-02-16 00:00:00-05:00,11.72999954,12.38899994,10.90999985,10.92000008,21378200,0,0
2023-02-17 00:00:00-05:00,11.27999973,11.89999962,10.88000011,11.36999989,20798800,0,0
2023-02-21 00:00:00-05:00,11.11999989,11.76000023,9.899999619,10.06000042,19919300,0,0
2023-02-22 00:00:00-05:00,10.31000042,10.81499958,9.56000042,10.06999969,13784000,0,0
2023-02-23 00:00:00-05:00,10.39999962,10.42000008,9.340000153,10.07999992,21841700,0,0
2023-02-24 00:00:00-05:00,8.890000343,9.050000191,7.550000191,8.010000229,35382600,0,0
2023-02-27 00:00:00-05:00,8.130000114,8.979999542,7.849999905,8.930000305,24503700,0,0
2023-02-28 00:00:00-05:00,8.680000305,9.909999847,8.649999619,9.420000076,20225000,0,0
2023-03-01 00:00:00-05:00,9.5,9.569999695,8.68999958,8.909999847,11435400,0,0
2023-03-02 00:00:00-05:00,8.579999924,9.729999542,8.420000076,9.470000267,15308900,0,0
2023-03-03 00:00:00-05:00,9.409999847,10.25,9.319999695,10.09000015,14166800,0,0
2023-03-06 00:00:00-05:00,10.13000011,10.38000011,9.090000153,9.109999657,10773000,0,0
2023-03-07 00:00:00-05:00,9.180000305,9.559000015,8.779999733,8.880000114,10801300,0,0
2023-03-08 00:00:00-05:00,8.899999619,9.220000267,8.619999886,8.850000381,7404000,0,0
2023-03-09 00:00:00-05:00,8.699999809,9.31000042,8.319999695,8.43999958,9779300,0,0
2023-03-10 00:00:00-05:00,8.350000381,8.399999619,7.170000076,7.309999943,15306600,0,0
2023-03-13 00:00:00-04:00,7.019999981,7.610000134,6.860000134,7.480000019,11063900,0,0
2023-03-14 00:00:00-04:00,7.730000019,8,6.610000134,6.829999924,12058300,0,0
2023-03-15 00:00:00-04:00,6.699999809,7.177000046,6.449999809,7.050000191,9637700,0,0
2023-03-16 00:00:00-04:00,6.920000076,7.585000038,6.630000114,7.409999847,11659700,0,0
2023-03-17 00:00:00-04:00,7.210000038,7.900000095,7.019999981,7.650000095,13091100,0,0
2023-03-20 00:00:00-04:00,7.429999828,7.820000172,6.869999886,7.070000172,9252400,0,0
2023-03-21 00:00:00-04:00,7.190000057,8.090000153,7.179999828,7.929999828,9893300,0,0
2023-03-22 00:00:00-04:00,10.14999962,10.25,8.399999619,8.430000305,48636600,0,0
2023-03-23 00:00:00-04:00,8.630000114,9.470000267,7.869999886,8.350000381,18692100,0,0
2023-03-24 00:00:00-04:00,8.180000305,8.470000267,7.949999809,8.18999958,8137500,0,0
2023-03-27 00:00:00-04:00,8.350000381,8.444999695,7.570000172,7.619999886,7406800,0,0
2023-03-28 00:00:00-04:00,7.570000172,7.730000019,7.210000038,7.360000134,6727900,0,0
2023-03-29 00:00:00-04:00,7.46999979,7.900000095,7.361999989,7.869999886,6442000,0,0
2023-03-30 00:00:00-04:00,8.079999924,9,8.074999809,8.829999924,15922100,0,0
2023-03-31 00:00:00-04:00,8.899999619,9.789999962,8.770000458,9.789999962,13497400,0,0
2023-04-03 00:00:00-04:00,9.640000343,10.15999985,9.085000038,9.289999962,13477600,0,0
2023-04-04 00:00:00-04:00,9.43999958,9.720000267,8.930000305,9.5,9428200,0,0
2023-04-05 00:00:00-04:00,9.380000114,9.380000114,8.390000343,8.5,8720200,0,0
2023-04-06 00:00:00-04:00,8.369999886,9.029999733,8.159999847,9.010000229,7071900,0,0
2023-04-10 00:00:00-04:00,9,9.350000381,8.619999886,9.31000042,8839800,0,0
2023-04-11 00:00:00-04:00,9.789999962,10.85000038,9.600000381,9.760000229,22071700,0,0
2023-04-12 00:00:00-04:00,10.13000011,10.31999969,8.789999962,9.239999771,15732000,0,0
2023-04-13 00:00:00-04:00,9.270000458,9.770000458,9.201000214,9.369999886,8281000,0,0
2023-04-14 00:00:00-04:00,9.470000267,9.800000191,8.680000305,8.970000267,8469000,0,0
2023-04-17 00:00:00-04:00,8.909999847,9.218999863,8.680000305,9.06000042,6898200,0,0
2023-04-18 00:00:00-04:00,9.220000267,9.284999847,8.760000229,8.800000191,6657100,0,0
2023-04-19 00:00:00-04:00,8.600000381,8.843000412,8.295000076,8.630000114,7126700,0,0
2023-04-20 00:00:00-04:00,8.300000191,8.510000229,7.909999847,8,8496200,0,0
2023-04-21 00:00:00-04:00,7.96999979,8.289999962,7.730000019,8.140000343,5858800,0,0
2023-04-24 00:00:00-04:00,8.100000381,8.694999695,8,8.369999886,8456300,0,0
2023-04-25 00:00:00-04:00,8.329999924,8.470000267,7.449999809,7.550000191,8617000,0,0
2023-04-26 00:00:00-04:00,7.739999771,7.849999905,7.429999828,7.519999981,5008700,0,0
2023-04-27 00:00:00-04:00,7.559999943,7.630000114,7.230000019,7.340000153,7309100,0,0
2023-04-28 00:00:00-04:00,7.21999979,7.460000038,6.855000019,6.940000057,8230100,0,0
2023-05-01 00:00:00-04:00,7.289999962,7.5,6.699999809,6.929999828,10415000,0,0
2023-05-02 00:00:00-04:00,6.789999962,7.340000153,6.699999809,7.21999979,10817800,0,0
2023-05-03 00:00:00-04:00,7.119999886,7.510000229,7.010000229,7.070000172,7313900,0,0
2023-05-04 00:00:00-04:00,7.099999905,7.429999828,6.920000076,7.199999809,17286200,0,0
2023-05-05 00:00:00-04:00,10.02999973,11.18999958,8.760000229,8.960000038,79373800,0,0
2023-05-08 00:00:00-04:00,9.109999657,11.69999981,8.859999657,11.30000019,51247700,0,0
2023-05-09 00:00:00-04:00,10.84000015,13.27999973,10.64999962,11.85000038,56630200,0,0
2023-05-10 00:00:00-04:00,12.14999962,13.69999981,11.82999992,13.14999962,41742200,0,0
2023-05-11 00:00:00-04:00,12.98999977,13.25,11.64000034,11.96000004,23912300,0,0
2023-05-12 00:00:00-04:00,11.86999989,11.86999989,10.22999954,10.5,16658100,0,0
2023-05-15 00:00:00-04:00,10.42500019,11.59500027,10.15999985,11.57999992,13661100,0,0
2023-05-16 00:00:00-04:00,11.40999985,11.48999977,10.60000038,10.60000038,9730700,0,0
2023-05-17 00:00:00-04:00,10.80000019,11.85999966,10.19999981,11.80000019,14589200,0,0
2023-05-18 00:00:00-04:00,11.65999985,12.64999962,11.55000019,11.96000004,15801200,0,0
2023-05-19 00:00:00-04:00,11.89500046,12.40999985,10.27000046,10.73999977,15824900,0,0
2023-05-22 00:00:00-04:00,10.76500034,11.73999977,10.33500004,11.47000027,13226900,0,0
2023-05-23 00:00:00-04:00,11.57999992,13.13000011,11.42000008,11.90999985,26086000,0,0
2023-05-24 00:00:00-04:00,11.76000023,12.02999973,10.88000011,11.52999973,14133900,0,0
2023-05-25 00:00:00-04:00,12.10000038,12.10000038,10.67500019,10.93999958,13035700,0,0
2023-05-26 00:00:00-04:00,10.89000034,11.97000027,10.69999981,11.73999977,13353500,0,0
2023-05-30 00:00:00-04:00,12.40999985,14.06999969,12.22999954,13.72000027,30834500,0,0
2023-05-31 00:00:00-04:00,13.21000004,13.25,12.06200027,12.92000008,17723500,0,0
2023-06-01 00:00:00-04:00,13.80000019,16.93000031,13.15999985,15.80000019,49998300,0,0
2023-06-02 00:00:00-04:00,14.97999954,16.22999954,14.52999973,15.68000031,31166600,0,0
2023-06-05 00:00:00-04:00,15.80000019,16.45000076,14.89000034,15,14255800,0,0
2023-06-06 00:00:00-04:00,14.75,15.25,14.31999969,14.77999973,16494000,0,0
2023-06-07 00:00:00-04:00,15.31000042,16.47999954,15.05000019,15.52999973,22191000,0,0
2023-06-08 00:00:00-04:00,18.81999969,26.09000015,17.62999916,24.22999954,175781000,0,0
2023-06-09 00:00:00-04:00,25.48999977,27.32999992,18.70000076,19.06999969,100190700,0,0
2023-06-12 00:00:00-04:00,18.5,21.96999931,18.45999908,21.26000023,52898200,0,0
2023-06-13 00:00:00-04:00,22.12000084,24.18000031,21.06999969,23.51000023,40972000,0,0
2023-06-14 00:00:00-04:00,23.07999992,24.60000038,22.52000046,23.39999962,27648300,0,0
2023-06-15 00:00:00-04:00,22.72999954,27.54000092,22.21999931,26.37999916,44798300,0,0
2023-06-16 00:00:00-04:00,27.25,28.52000046,24.43000031,25.31999969,34829300,0,0
2023-06-20 00:00:00-04:00,24.93499947,26.85700035,23.11300087,23.52000046,23423900,0,0
2023-06-21 00:00:00-04:00,23.73999977,25.22500038,22.61000061,24.17000008,19327200,0,0
2023-06-22 00:00:00-04:00,23.79000092,25.96999931,23.06999969,25.54000092,20433200,0,0
2023-06-23 00:00:00-04:00,24.98999977,25.87000084,21.39999962,21.40999985,29615300,0,0
2023-06-26 00:00:00-04:00,21.63999939,22.32999992,20.60000038,20.90999985,12252700,0,0
2023-06-27 00:00:00-04:00,21.85000038,24.51000023,21.14999962,24.29999924,19206800,0,0
2023-06-28 00:00:00-04:00,23.71999931,28.39500046,23.65999985,28.03000069,34977700,0,0
2023-06-29 00:00:00-04:00,29.01000023,29.12999916,24.65999985,25.73999977,28143000,0,0
2023-06-30 00:00:00-04:00,26.78000069,27.45000076,25.14999962,25.92000008,19393100,0,0
2023-07-03 00:00:00-04:00,25.89999962,26.35000038,25.20000076,25.79999924,7548200,0,0
2023-07-05 00:00:00-04:00,26.48999977,26.81999969,24.45000076,25.85000038,13080500,0,0
2023-07-06 00:00:00-04:00,25.29999924,25.68000031,23.43000031,24.31999969,13141400,0,0
2023-07-07 00:00:00-04:00,24.85000038,29.80999947,24.68000031,29.45000076,29353100,0,0
2023-07-10 00:00:00-04:00,29.36000061,34.59000015,28.12000084,34.27000046,48778100,0,0
2023-07-11 00:00:00-04:00,34.40999985,37.58000183,32.81999969,35.56999969,42291200,0,0
2023-07-12 00:00:00-04:00,37.38999939,44.63999939,35.5929985,38.88999939,72824900,0,0
2023-07-13 00:00:00-04:00,35.66999817,39.43000031,34.59999847,37.68000031,45335300,0,0
2023-07-14 00:00:00-04:00,36.88999939,41.27999878,35.57099915,37.70000076,29238100,0,0
2023-07-17 00:00:00-04:00,37.77000046,39.90000153,36.18999863,36.52999878,21073700,0,0
2023-07-18 00:00:00-04:00,36.59999847,42.27000046,36.31999969,39.79999924,37052000,0,0
2023-07-19 00:00:00-04:00,53.99000168,56.91999817,47.09999847,55.79999924,119949000,0,0
2023-07-20 00:00:00-04:00,53.36999893,57.18999863,45.09999847,46.72999954,46125500,0,0
2023-07-21 00:00:00-04:00,47.13999939,49.25,43.63999939,45.61999893,29762600,0,0
2023-07-24 00:00:00-04:00,45.79999924,47.72999954,43.00999832,46.24000168,22073600,0,0
2023-07-25 00:00:00-04:00,46.34999847,48.40000153,43.90999985,44.11000061,20681400,0,0
2023-07-26 00:00:00-04:00,44.5,45.58000183,42.59999847,43.75,17293400,0,0
2023-07-27 00:00:00-04:00,43.65000153,44.34000015,39.70000076,40.45999908,16844400,0,0
2023-07-28 00:00:00-04:00,42.54000092,45.59999847,40.87400055,44.02000046,23758500,0,0
2023-07-31 00:00:00-04:00,42.99000168,46.29999924,42.52999878,45.95000076,14925100,0,0
2023-08-01 00:00:00-04:00,44.65999985,49.79999924,44,49.11000061,19301300,0,0
2023-08-02 00:00:00-04:00,48.15000153,51.88000107,46.65000153,51.84999847,26691700,0,0
2023-08-03 00:00:00-04:00,51.09000015,53.31000137,49.40000153,51.79000092,20165400,0,0
2023-08-04 00:00:00-04:00,52.25,53.11000061,45.15000153,45.43999863,15388200,0,0
2023-08-07 00:00:00-04:00,46.27999878,46.43000031,42.59999847,44.81000137,10607800,0,0
2023-08-08 00:00:00-04:00,44.06000137,44.47000122,42.59000015,44.00999832,7227600,0,0
2023-08-09 00:00:00-04:00,47.50999832,47.97000122,41.40999985,41.43999863,16882700,0,0
2023-08-10 00:00:00-04:00,41.86000061,43.74000168,38.38999939,39.45999908,14142900,0,0
2023-08-11 00:00:00-04:00,38.52999878,42.20000076,38.20000076,41.09999847,12337200,0,0
2023-08-14 00:00:00-04:00,39.95000076,41.68000031,38.54999924,41.09000015,8484300,0,0
2023-08-15 00:00:00-04:00,40.78499985,41.70000076,38.70500183,39.31999969,7085500,0,0
2023-08-16 00:00:00-04:00,38.91999817,39.77999878,37.79999924,38.06000137,6809700,0,0
2023-08-17 00:00:00-04:00,37.90000153,38.39899826,36.41999817,37.24000168,6958100,0,0
2023-08-18 00:00:00-04:00,36.79000092,39.84999847,36.59999847,39.20999908,8862600,0,0
2023-08-21 00:00:00-04:00,39.41999817,40.97999954,38.24000168,40.34000015,7793600,0,0
2023-08-22 00:00:00-04:00,41,41.40000153,37,38.36999893,8376800,0,0
2023-08-23 00:00:00-04:00,37.75999832,41,37.52999878,40.27999878,7047600,0,0
2023-08-24 00:00:00-04:00,40.47000122,40.83499908,36.79999924,37.75999832,7426600,0,0
2023-08-25 00:00:00-04:00,37.84999847,41.59999847,37.84999847,41.20000076,10573500,0,0
2023-08-28 00:00:00-04:00,41.79000092,45.72999954,41.29999924,45.36999893,13120400,0,0
2023-08-29 00:00:00-04:00,44.47000122,47.86999893,43.58000183,47.40000153,10399700,0,0
2023-08-30 00:00:00-04:00,47.56999969,51.06999969,46.25,49.70999908,12882500,0,0
2023-08-31 00:00:00-04:00,49.88000107,51.43999863,48.08000183,50.34999847,10797100,0,0
2023-09-01 00:00:00-04:00,50.56000137,52.61999893,49.68099976,50.84999847,10614700,0,0
2023-09-05 00:00:00-04:00,49.84000015,51.06499863,48.47000122,49.84000015,8819500,0,0
2023-09-06 00:00:00-04:00,49.47999954,51.68000031,48.88000107,50.50999832,7281400,0,0
2023-09-07 00:00:00-04:00,49.27999878,49.27999878,47.02000046,47.63000107,6160700,0,0
2023-09-08 00:00:00-04:00,47.47999954,48.13999939,46.02000046,46.95999908,5945600,0,0
2023-09-11 00:00:00-04:00,47.33000183,51.68999863,46.88999939,50.81000137,9788600,0,0
2023-09-12 00:00:00-04:00,49.95000076,53.77000046,49.40499878,50.79999924,12242800,0,0
2023-09-13 00:00:00-04:00,50.09000015,51.12900162,48.33000183,49.22999954,7451200,0,0
2023-09-14 00:00:00-04:00,49.47000122,56.79999924,49.43999863,55.86000061,24359000,0,0
2023-09-15 00:00:00-04:00,55.56000137,56.40000153,51.11999893,52.20000076,18086500,0,0
2023-09-18 00:00:00-04:00,52.65999985,55.13999939,50.70000076,51.95000076,12129500,0,0
2023-09-19 00:00:00-04:00,52.27999878,53.06999969,46.00999832,47.5,13385800,0,0
2023-09-20 00:00:00-04:00,47.88000107,49.13999939,43.61999893,43.70999908,9398500,0,0
2023-09-21 00:00:00-04:00,43.875,44.5,41.90000153,42.90000153,7293400,0,0
2023-09-22 00:00:00-04:00,43.88499832,45.36999893,41.97000122,41.99000168,7872900,0,0
2023-09-25 00:00:00-04:00,41.27999878,42.65000153,39.77999878,40.25,7134000,0,0
2023-09-26 00:00:00-04:00,39.29999924,40.79999924,38.72999954,39.52999878,6880400,0,0
2023-09-27 00:00:00-04:00,40.32500076,41.77999878,39.88999939,40.83000183,7217700,0,0
2023-09-28 00:00:00-04:00,38.31499863,41.72100067,38.25999832,41.24000168,7386500,0,0
2023-09-29 00:00:00-04:00,42.49000168,42.84000015,40.93999863,41.97999954,7899100,0,0
2023-10-02 00:00:00-04:00,41.5,42.40999985,38.31999969,39.25,7321500,0,0
2023-10-03 00:00:00-04:00,38.70000076,39.41999817,36.66999817,38.20999908,7310500,0,0
2023-10-04 00:00:00-04:00,38.47999954,38.93999863,37.06999969,37.63000107,5479800,0,0
2023-10-05 00:00:00-04:00,37.47000122,37.84000015,34.70999908,35.74000168,8289300,0,0
2023-10-06 00:00:00-04:00,34.86999893,38.27799988,34.54100037,37.65000153,7012300,0,0
2023-10-09 00:00:00-04:00,36.75999832,39.22000122,36.27000046,38.86999893,5800100,0,0
2023-10-10 00:00:00-04:00,39.20999908,41.00999832,38.25,39.04000092,8039200,0,0
2023-10-11 00:00:00-04:00,39.45999908,39.98199844,36.91999817,37.86999893,6097200,0,0
2023-10-12 00:00:00-04:00,36.22999954,36.54199982,32.91999817,33.86999893,11594000,0,0
2023-10-13 00:00:00-04:00,34.00999832,35.06999969,33.22000122,33.86999893,5997400,0,0
2023-10-16 00:00:00-04:00,34.11999893,35.16500092,32.68999863,34.61000061,4885300,0,0
2023-10-17 00:00:00-04:00,33.99000168,35.54999924,33.75,34.49000168,4922100,0,0
2023-10-18 00:00:00-04:00,33.77000046,34.20999908,31.68000031,32.45999908,5318700,0,0
2023-10-19 00:00:00-04:00,32.49000168,33.18500137,31.31999969,31.59000015,5211300,0,0
2023-10-20 00:00:00-04:00,31.45000076,32.09000015,30.78000069,31.06999969,5197500,0,0
2023-10-23 00:00:00-04:00,30.5,32.64699936,29.89999962,31.75,5117400,0,0
2023-10-24 00:00:00-04:00,31.98999977,33.38000107,31.35000038,31.68000031,5498300,0,0
2023-10-25 00:00:00-04:00,31.27000046,31.31999969,29.02000046,29.46999931,5648200,0,0
2023-10-26 00:00:00-04:00,29.39999962,30.39999962,28.61000061,29.10000038,5904400,0,0
2023-10-27 00:00:00-04:00,29.62999916,29.82500076,27.87000084,28.57999992,6301000,0,0
2023-10-30 00:00:00-04:00,28.96999931,29.01000023,27.42000008,27.52000046,5084500,0,0
2023-10-31 00:00:00-04:00,27.79999924,27.82999992,26.90999985,27,4757300,0,0
2023-11-01 00:00:00-04:00,26.51000023,26.54000092,25.09000015,25.98999977,9312700,0,0
2023-11-02 00:00:00-04:00,28.32999992,30.57999992,28.11000061,29.92000008,13893200,0,0
2023-11-03 00:00:00-04:00,28.70000076,35,28.29000092,32.27999878,20103700,0,0
2023-11-06 00:00:00-05:00,32.99000168,33.65000153,31.04000092,33.22999954,9537100,0,0
2023-11-07 00:00:00-05:00,33.02999878,34.47999954,31.45000076,34.16999817,8786500,0,0
2023-11-08 00:00:00-05:00,34,34.86999893,33.01100159,33.99000168,8093900,0,0
2023-11-09 00:00:00-05:00,34.40000153,34.54000092,29.88999939,30.44000053,8497800,0,0
2023-11-10 00:00:00-05:00,30.70000076,30.71999931,28.06200027,29.19000053,6685900,0,0
2023-11-13 00:00:00-05:00,28.88999939,29.64900017,27.75,28.63999939,5153900,0,0
2023-11-14 00:00:00-05:00,31.37999916,34.04000092,30.81999969,33.20999908,13762900,0,0
2023-11-15 00:00:00-05:00,33.59999847,36.47000122,33.02000046,34.15999985,12827400,0,0
2023-11-16 00:00:00-05:00,33.31999969,33.68999863,31.02000046,32.36000061,11617000,0,0
2023-11-17 00:00:00-05:00,31.97999954,32.79000092,31.05999947,32.02999878,6077800,0,0
2023-11-20 00:00:00-05:00,32.29999924,33.70000076,31.95000076,33.11999893,6292500,0,0
2023-11-21 00:00:00-05:00,32.11000061,32.98899841,30.60000038,31.18000031,6410500,0,0
2023-11-22 00:00:00-05:00,31.63999939,32,30.94000053,31.35000038,4263600,0,0
2023-11-24 00:00:00-05:00,31.21999931,31.73999977,30.43000031,31.40999985,2032900,0,0
2023-11-27 00:00:00-05:00,31.19000053,31.91799927,30.30999947,30.93000031,4891300,0,0
2023-11-28 00:00:00-05:00,30.73999977,31.78000069,29.90999985,31.62000084,5384000,0,0
2023-11-29 00:00:00-05:00,32.66999817,35.72000122,31.95999908,32.00999832,9913800,0,0
2023-11-30 00:00:00-05:00,32.52000046,32.54999924,30.92000008,31.31999969,5749800,0,0
2023-12-01 00:00:00-05:00,31.02000046,35.97999954,29.84000015,35.20000076,12071200,0,0
2023-12-04 00:00:00-05:00,38.36000061,42.11999893,37.52000046,40.06999969,22337500,0,0
2023-12-05 00:00:00-05:00,38.75999832,40.38999939,37.34000015,38.75999832,9545300,0,0
2023-12-06 00:00:00-05:00,39.65999985,40.44900131,36.70000076,37.38000107,8046500,0,0
2023-12-07 00:00:00-05:00,37.18999863,38.65999985,36.52999878,37.90000153,5669000,0,0
2023-12-08 00:00:00-05:00,37.88000107,41.34000015,37.66999817,40.25999832,13283800,0,0
2023-12-11 00:00:00-05:00,39.93999863,40.97999954,38.61100006,39.83000183,7254200,0,0
2023-12-12 00:00:00-05:00,40.43999863,41.95999908,37.47000122,39.5,10358800,0,0
2023-12-13 00:00:00-05:00,39.59999847,45.45000076,38.40999985,45.06999969,13409900,0,0
2023-12-14 00:00:00-05:00,45.61000061,54.34999847,45.61000061,50.61999893,23785300,0,0
2023-12-15 00:00:00-05:00,50.99000168,52.68000031,49.56100082,51.40000153,12105700,0,0
2023-12-18 00:00:00-05:00,51,55.86999893,49.90000153,55.68000031,13679900,0,0
2023-12-19 00:00:00-05:00,58.16999817,61.61000061,57.51100159,59.79999924,18958900,0,0
2023-12-20 00:00:00-05:00,59.11000061,62.59000015,55.41999817,55.45000076,17349300,0,0
2023-12-21 00:00:00-05:00,58.65000153,59.63000107,55.75999832,58.20999908,10835000,0,0
2023-12-22 00:00:00-05:00,59.11999893,60.49399948,54.72999954,54.74000168,12778200,0,0
2023-12-26 00:00:00-05:00,55.63999939,55.90000153,52.11999893,53.56000137,10228300,0,0
2023-12-27 00:00:00-05:00,54.20000076,55.74000168,52.15000153,54.38999939,8053400,0,0
2023-12-28 00:00:00-05:00,53.52999878,56.59999847,53.25,54.90999985,7229300,0,0
2023-12-29 00:00:00-05:00,54.65999985,55.45999908,52.43999863,52.93999863,5944100,0,0
2024-01-02 00:00:00-05:00,51.61000061,51.61899948,48.11000061,48.86999893,7625400,0,0
2024-01-03 00:00:00-05:00,46.5,47.97700119,45.59999847,46.68999863,6605000,0,0
2024-01-04 00:00:00-05:00,46.20000076,47.47000122,45.22999954,46.59000015,5285900,0,0
2024-01-05 00:00:00-05:00,45.16999817,48.36999893,44.5,46.86999893,5449300,0,0
2024-01-08 00:00:00-05:00,46.74000168,49.02999878,46.31000137,48.33000183,4673100,0,0
2024-01-09 00:00:00-05:00,47.00999832,48.74000168,46.34999847,47.15999985,4589700,0,0
2024-01-10 00:00:00-05:00,46.72999954,47.27999878,44.63999939,46.74000168,5443900,0,0
2024-01-11 00:00:00-05:00,45.75,46.70000076,43.29000092,46.04000092,6109800,0,0
2024-01-12 00:00:00-05:00,45.65999985,46.72999954,42.70999908,42.77999878,5230000,0,0
2024-01-16 00:00:00-05:00,41.65000153,43.20000076,41.20999908,42.29000092,4411500,0,0
2024-01-17 00:00:00-05:00,40.75,42.31000137,40.70000076,42.20999908,3834100,0,0
2024-01-18 00:00:00-05:00,43,43.16999817,41.61999893,42.84000015,4603500,0,0
2024-01-19 00:00:00-05:00,43.09999847,45.43000031,41.90999985,44.91999817,6995100,0,0
2024-01-22 00:00:00-05:00,46.31000137,50.20000076,46.29999924,48.34999847,9056900,0,0
2024-01-23 00:00:00-05:00,49.11000061,49.22000122,45.16999817,45.54000092,6064100,0,0
2024-01-24 00:00:00-05:00,47.06000137,47.15999985,42.02000046,42.02999878,4715700,0,0
2024-01-25 00:00:00-05:00,42.61000061,43.20000076,40.84999847,41,5052100,0,0
2024-01-26 00:00:00-05:00,41.72000122,42.77000046,40.62099838,41.79999924,4432100,0,0
2024-01-29 00:00:00-05:00,41.90000153,45.05699921,41.30199814,44.91999817,5619100,0,0
2024-01-30 00:00:00-05:00,44.25,45.5,43.75,44.13999939,3483800,0,0
2024-01-31 00:00:00-05:00,43.49499893,46.68999863,42.75999832,43.06000137,5891500,0,0
2024-02-01 00:00:00-05:00,43.47999954,44.15999985,40.20899963,42.52999878,5970200,0,0
2024-02-02 00:00:00-05:00,40.90999985,44.43999863,40.43999863,43.45000076,4782100,0,0
2024-02-05 00:00:00-05:00,42.15999985,43.99399948,41.75,43.79999924,4466600,0,0
2024-02-06 00:00:00-05:00,44.45999908,48.25999832,43.86999893,48.18999863,9973500,0,0
2024-02-07 00:00:00-05:00,48.70999908,48.93000031,46.38000107,48.09000015,6337500,0,0
2024-02-08 00:00:00-05:00,48.31999969,52.56000137,47.54000092,52.38999939,8154100,0,0
2024-02-09 00:00:00-05:00,53.09999847,53.84000015,50.52999878,53.13000107,6847300,0,0
2024-02-12 00:00:00-05:00,53.68000031,57.58000183,53.5,55.27999878,6184400,0,0
2024-02-13 00:00:00-05:00,51.68999863,53.40000153,50.15000153,51.97000122,6424200,0,0
2024-02-14 00:00:00-05:00,53.18999863,54.77999878,52.70999908,54.15999985,6321500,0,0
2024-02-15 00:00:00-05:00,54.41999817,57.88999939,53.47999954,57.61999893,8060500,0,0
2024-02-16 00:00:00-05:00,55.16999817,55.48799896,51.93999863,52.47999954,7503700,0,0
2024-02-20 00:00:00-05:00,51,52.27000046,49.09999847,51.81000137,5741400,0,0
2024-02-21 00:00:00-05:00,50.79000092,52.04499817,48.15000153,49.40000153,6120500,0,0
2024-02-22 00:00:00-05:00,49.74000168,53.33000183,49.38000107,52.40999985,12148400,0,0
2024-02-23 00:00:00-05:00,67.83499908,76.33000183,66.44999695,69.23000336,39061200,0,0
2024-02-26 00:00:00-05:00,66.97000122,75.75,66.97000122,69.87999725,14796600,0,0
2024-02-27 00:00:00-05:00,72.02500153,83.37000275,72.02500153,80.41999817,22997400,0,0
2024-02-28 00:00:00-05:00,78.69999695,82.2009964,74.83000183,75.47000122,8229600,0,0
2024-02-29 00:00:00-05:00,78.20999908,79.40000153,74.54000092,75.93000031,5805500,0,0
2024-03-01 00:00:00-05:00,76.64700317,83.78299713,75.41000366,82.95999908,8344200,0,0
2024-03-04 00:00:00-05:00,80.94499969,84.58999634,80.16999817,81.54000092,5465000,0,0
2024-03-05 00:00:00-05:00,80.61000061,81.26000214,75.80000305,77.33000183,4920800,0,0
2024-03-06 00:00:00-05:00,79.15000153,81.06999969,77.5,77.80999756,4406500,0,0
2024-03-07 00:00:00-05:00,78.30500031,81.47100067,76.66000366,79.47000122,5516400,0,0
2024-03-08 00:00:00-05:00,86.15000153,90.48000336,82.5,85.30000305,11706700,0,0
2024-03-11 00:00:00-04:00,84.28500366,84.63999939,77.97000122,78.09999847,4977100,0,0
2024-03-12 00:00:00-04:00,80.47000122,80.95999908,75.33999634,76.27999878,4942000,0,0
2024-03-13 00:00:00-04:00,76.38999939,80.73000336,76.38999939,79.66999817,3074300,0,0
2024-03-14 00:00:00-04:00,78.55000305,79.70999908,75.55999756,76.68000031,3557900,0,0
2024-03-15 00:00:00-04:00,75.91000366,82.26999664,74.41999817,79.58000183,7896800,0,0
2024-03-18 00:00:00-04:00,80.13999939,83.05999756,78.63999939,80.79000092,3805500,0,0
2024-03-19 00:00:00-04:00,78.58499908,80.59999847,76.12000275,78.87999725,4615100,0,0
2024-03-20 00:00:00-04:00,80.20999908,86.44999695,79.51999664,86.41999817,6698500,0,0
2024-03-21 00:00:00-04:00,86.05999756,89.95999908,85.76499939,87.70999908,4603200,0,0
2024-03-22 00:00:00-04:00,87.01999664,87.70999908,84.40000153,85.94000244,2969900,0,0
2024-03-25 00:00:00-04:00,86.88999939,91.59799957,86.88999939,88.41000366,3896200,0,0
2024-03-26 00:00:00-04:00,90.70999908,94.04000092,88.95999908,90.80999756,5038200,0,0
2024-03-27 00:00:00-04:00,91.65000153,93.09999847,88.55000305,90.30999756,3849000,0,0
2024-03-28 00:00:00-04:00,90.45999908,92.01000214,85.78700256,87.91000366,4019300,0,0
2024-04-01 00:00:00-04:00,87.58000183,87.81999969,85.05000305,86.79000092,2210000,0,0
2024-04-02 00:00:00-04:00,84.31999969,85.16000366,81.43000031,82.87000275,3088700,0,0
2024-04-03 00:00:00-04:00,81.55999756,84.30999756,80.81500244,82.40000153,2133300,0,0
2024-04-04 00:00:00-04:00,84,86.56999969,82,82.44000244,3733400,0,0
2024-04-05 00:00:00-04:00,81.31999969,84.59999847,80.91000366,83.83999634,2175800,0,0
2024-04-08 00:00:00-04:00,85.72000122,86.86000061,82.63999939,82.66999817,2049600,0,0
2024-04-09 00:00:00-04:00,83.83999634,84.55000305,80.48000336,83.68000031,2613900,0,0
2024-04-10 00:00:00-04:00,80.05000305,83.27999878,78.65000153,80.51999664,3588300,0,0
2024-04-11 00:00:00-04:00,79.91000366,81.48000336,76.91999817,80.44000244,4827300,0,0
2024-04-12 00:00:00-04:00,78.65000153,79.08999634,74.26000214,74.98999786,4137300,0,0
2024-04-15 00:00:00-04:00,74.72000122,75.19999695,69.12000275,69.83000183,5893100,0,0
2024-04-16 00:00:00-04:00,68.91999817,71.33899689,68.3690033,70.63999939,4602800,0,0
2024-04-17 00:00:00-04:00,72.19999695,73.38999939,67.94999695,69.16000366,3542900,0,0
2024-04-18 00:00:00-04:00,71.75,73.25,69.25,71.15000153,4732300,0,0
2024-04-19 00:00:00-04:00,69.58000183,72.06999969,69.47000122,71.36000061,3369800,0,0
2024-04-22 00:00:00-04:00,72.40000153,72.98999786,67.61000061,71.44000244,4105300,0,0
2024-04-23 00:00:00-04:00,72.79000092,77.52999878,72.05999756,75.62000275,4327000,0,0
2024-04-24 00:00:00-04:00,76,77.98000336,74.87999725,75.34999847,2869900,0,0
2024-04-25 00:00:00-04:00,71.5,77.52999878,71.38999939,77.5,3304600,0,0
2024-04-26 00:00:00-04:00,77.94999695,84.51000214,77,84.30999756,4904600,0,0
2024-04-29 00:00:00-04:00,85.76000214,88.48000336,83.34999847,83.76000214,4840900,0,0
2024-04-30 00:00:00-04:00,82,83.62999725,80.06999969,82.91999817,3920400,0,0
2024-05-01 00:00:00-04:00,82.58000183,91.12000275,82,87.08999634,13661600,0,0
2024-05-02 00:00:00-04:00,119.9499969,122.3000031,111.4499969,116.5,24220800,0,0
2024-05-03 00:00:00-04:00,119.1999969,124.1999969,115.7900009,121.6699982,8528400,0,0
2024-05-06 00:00:00-04:00,124.3000031,129,122.6399994,122.9700012,7062200,0,0
2024-05-07 00:00:00-04:00,122.5999985,124.2699966,116.4000015,116.6600037,5116800,0,0
2024-05-08 00:00:00-04:00,114.9100037,116.4000015,112.6200027,114.4199982,3655500,0,0
2024-05-09 00:00:00-04:00,115.25,121.2200012,112.6999969,120.4100037,3317600,0,0
2024-05-10 00:00:00-04:00,119.8000031,120.0599976,115.262001,117,3012100,0,0
2024-05-13 00:00:00-04:00,119.5999985,122.9300003,116.6389999,116.9000015,4543100,0,0
2024-05-14 00:00:00-04:00,121.5400009,124.6200027,118.3700027,120.9499969,4131800,0,0
2024-05-15 00:00:00-04:00,123.1200027,123.5100021,117.7350006,121.0699997,3780100,0,0
2024-05-16 00:00:00-04:00,120.3600006,123.4400024,117.2900009,117.9300003,3535900,0,0
2024-05-17 00:00:00-04:00,117.8300018,118.9319992,115.4800034,117.5,2737300,0,0
2024-05-20 00:00:00-04:00,116.4000015,120.9199982,114.8799973,117.5,2547900,0,0
2024-05-21 00:00:00-04:00,116.6699982,117.7099991,113.6800003,115.0299988,2195300,0,0
2024-05-22 00:00:00-04:00,115.9800034,118.4300003,114.4229965,115.7200012,2441300,0,0
2024-05-23 00:00:00-04:00,116,116.6500015,108.6600037,109.9100037,3252400,0,0
2024-05-24 00:00:00-04:00,111.9100037,112.7900009,108.5699997,109.1500015,2448500,0,0
2024-05-28 00:00:00-04:00,110.75,111.0100021,103.3099976,104.5899963,3399900,0,0
2024-05-29 00:00:00-04:00,103,107.2699966,101.5400009,105.0500031,2762600,0,0
2024-05-30 00:00:00-04:00,105.4899979,107.6650009,101.6800003,102.3899994,3167900,0,0
2024-05-31 00:00:00-04:00,103.0400009,103.3000031,98.07499695,99.98000336,3733700,0,0
2024-06-03 00:00:00-04:00,103.2799988,104,97.5510025,98.95999908,2398100,0,0
2024-06-04 00:00:00-04:00,98.80000305,101.4899979,97.91999817,101.0999985,3115500,0,0
2024-06-05 00:00:00-04:00,101.5,105.1900024,100.5999985,103.0400009,3482700,0,0
2024-06-06 00:00:00-04:00,107.7300034,109.8899994,103.2699966,104.6699982,4948000,0,0
2024-06-07 00:00:00-04:00,103.1999969,110.9400024,102.6100006,106.5599976,5491300,0,0
2024-06-10 00:00:00-04:00,106.5500031,110.6600037,105.5599976,108.0500031,4356200,0,0
2024-06-11 00:00:00-04:00,105.8600006,106.5699997,101.1399994,104.1200027,3571500,0,0
2024-06-12 00:00:00-04:00,107.9899979,115,107.0100021,111.0699997,7976400,0,0
2024-06-13 00:00:00-04:00,111.0100021,111.0100021,105.2699966,106.7399979,4370900,0,0
2024-06-14 00:00:00-04:00,105.5500031,105.5500031,101.2789993,103.0599976,2772500,0,0
2024-06-17 00:00:00-04:00,101.9100037,109.75,100.0500031,108.9400024,3423900,0,0
2024-06-18 00:00:00-04:00,107.8000031,111.75,107.5500031,110.7799988,2709700,0,0
2024-06-20 00:00:00-04:00,109.9899979,113.4300003,106.3199997,109.8499985,3087400,0,0
2024-06-21 00:00:00-04:00,109.8499985,112.9899979,107.75,112.9899979,4390900,0,0
2024-06-24 00:00:00-04:00,113.0899963,120.8399963,111.5500031,119.5,4452500,0,0
2024-06-25 00:00:00-04:00,118.4499969,129.4100037,116.8499985,128.5800018,6312600,0,0
2024-06-26 00:00:00-04:00,126.5500031,131.4100037,124.1200027,126.5999985,5121100,0,0
2024-06-27 00:00:00-04:00,126.9749985,134.6799927,124.1800003,132.8800049,5690500,0,0
2024-06-28 00:00:00-04:00,133.4250031,136.9199982,124.1100006,128.7200012,19539400,0,0
2024-07-01 00:00:00-04:00,128.9900055,129.4900055,121.0100021,124.3499985,4317700,0,0
2024-07-02 00:00:00-04:00,125,128.3600006,121.4700012,127.5299988,3195600,0,0
2024-07-03 00:00:00-04:00,127.0999985,129.0800018,125.5999985,127.8399963,1567500,0,0
2024-07-05 00:00:00-04:00,126.9499969,128.4649963,124.0199966,128.0500031,2494300,0,0
2024-07-08 00:00:00-04:00,129.0599976,129.9900055,120.0500031,122.3199997,3725800,0,0
2024-07-09 00:00:00-04:00,122.3000031,125.8700027,120.7590027,125.6999969,2803100,0,0
2024-07-10 00:00:00-04:00,131.5,136.5500031,126.6100006,130.9700012,7472100,0,0
2024-07-11 00:00:00-04:00,133.2050018,136.0700073,127.6999969,129.9299927,3444000,0,0
2024-07-12 00:00:00-04:00,131.2299957,140.9100037,130.3200073,136.2400055,6886900,0,0
2024-07-15 00:00:00-04:00,137.2200012,144.2899933,136.75,142.0899963,4480700,0,0
2024-07-16 00:00:00-04:00,142.8999939,147.25,140.6820068,145.0299988,4346700,0,0
2024-07-17 00:00:00-04:00,139.4250031,142.8800049,132.1199951,133.75,5102000,0,0
2024-07-18 00:00:00-04:00,135.2899933,137.4100037,128.2100067,129.1799927,3768600,0,0
2024-07-19 00:00:00-04:00,129.6999969,136.1260071,128.7899933,130.0599976,5631200,0,0
2024-07-22 00:00:00-04:00,133.4199982,135.2599945,127.2050018,128.8899994,3395600,0,0
2024-07-23 00:00:00-04:00,127.0950012,130.6000061,124.1100006,129.1100006,2593400,0,0
2024-07-24 00:00:00-04:00,125.7799988,128.1000061,122.8700027,123.4199982,2591700,0,0
2024-07-25 00:00:00-04:00,123.7099991,131.8800049,122.1399994,124.0999985,3450100,0,0
2024-07-26 00:00:00-04:00,127.5,136.4499969,127.5,132.8500061,4201700,0,0
2024-07-29 00:00:00-04:00,133.9199982,136.2279968,124.75,127.6100006,4579100,0,0
2024-07-30 00:00:00-04:00,128,133.6300049,123.0400009,126.7799988,4240600,0,0
2024-07-31 00:00:00-04:00,131.3999939,137.9199982,128.8000031,133.2299957,8227000,0,0
2024-08-01 00:00:00-04:00,147.3399963,154,138.7769928,146.5200043,14478000,0,0
2024-08-02 00:00:00-04:00,139.8099976,142.8500061,134.6300049,137.1999969,5965800,0,0
2024-08-05 00:00:00-04:00,119.25,138.5500031,118.5,135.3399963,6137900,0,0
2024-08-06 00:00:00-04:00,138.0099945,141.0200043,131.7200012,138.9499969,3706200,0,0
2024-08-07 00:00:00-04:00,140.5899963,140.5899963,127.8600006,128.6399994,4088600,0,0
2024-08-08 00:00:00-04:00,130.4799957,134.8849945,129,133.4100037,3313300,0,0
2024-08-09 00:00:00-04:00,133.8999939,138.1499939,130.8500061,135.9199982,2473100,0,0
2024-08-12 00:00:00-04:00,136.0500031,136.6600037,132.3500061,133.4799957,2063700,0,0
2024-08-13 00:00:00-04:00,135.9299927,146.4900055,135.5050049,146.4900055,5010300,0,0
2024-08-14 00:00:00-04:00,144.5200043,147.3099976,141.6699982,142,3259600,0,0
2024-08-15 00:00:00-04:00,146.3849945,152.8699951,142.6300049,151.5599976,4139300,0,0
2024-08-16 00:00:00-04:00,149.3600006,156.1799927,148.6900024,155.9299927,3717700,0,0
2024-08-19 00:00:00-04:00,155.9499969,156.4669952,152.2400055,155.75,2313200,0,0
2024-08-20 00:00:00-04:00,156.4100037,156.8000031,151.1300049,154.1799927,1843700,0,0
2024-08-21 00:00:00-04:00,154.9700012,157.6179962,154.0500031,156.7700043,1948200,0,0
2024-08-22 00:00:00-04:00,155.5800018,159.1699982,151.9700012,153.0200043,2899800,0,0
2024-08-23 00:00:00-04:00,154.5399933,159.8500061,151.5200043,159.7799988,3156600,0,0
2024-08-26 00:00:00-04:00,158.4299927,158.5,154.5,157.9900055,2265200,0,0
2024-08-27 00:00:00-04:00,156.6499939,159.5899963,154.3500061,158.7400055,1705700,0,0
2024-08-28 00:00:00-04:00,157.7200012,158.9499969,152.8399963,154.3099976,2017800,0,0
2024-08-29 00:00:00-04:00,156,156.7120056,149.0010071,150.0800018,2114500,0,0
2024-08-30 00:00:00-04:00,152.3000031,152.3300018,146.8650055,150.6199951,2325900,0,0
2024-09-03 00:00:00-04:00,148.8000031,149.8500061,142.8699951,144.5200043,2424000,0,0
2024-09-04 00:00:00-04:00,145,147.951004,142.6999969,144.7400055,1710300,0,0
2024-09-05 00:00:00-04:00,144.1799927,145.25,139.1399994,141.1399994,2157700,0,0
2024-09-06 00:00:00-04:00,141.5,142.9140015,132.1199951,133.4100037,2692100,0,0
2024-09-09 00:00:00-04:00,137.3399963,138.3999939,133.8000031,135.4799957,2699300,0,0
2024-09-10 00:00:00-04:00,134.9700012,135.3899994,124.3899994,130.7200012,4858900,0,0
2024-09-11 00:00:00-04:00,129.4199982,133.8899994,126.5899963,133.5399933,3025000,0,0
2024-09-12 00:00:00-04:00,137.1199951,141.5299988,133.5700073,140.5200043,3441700,0,0
2024-09-13 00:00:00-04:00,141.7899933,144.4400024,140.2299957,141.8999939,1789800,0,0
2024-09-16 00:00:00-04:00,143.1499939,153.5599976,143.0299988,152.8999939,5656000,0,0
2024-09-17 00:00:00-04:00,154.9700012,158.3000031,151.6000061,156.5800018,3189900,0,0
2024-09-18 00:00:00-04:00,157.3500061,167.75,157.2649994,161.6300049,6371300,0,0
2024-09-19 00:00:00-04:00,167.25,171.6670074,165.1100006,170.7400055,5173500,0,0
2024-09-20 00:00:00-04:00,169.6100006,176.3300018,167.8000031,173.8500061,5397600,0,0
2024-09-23 00:00:00-04:00,170.5,176.1999969,167.1199951,175.1499939,4060600,0,0
2024-09-24 00:00:00-04:00,172.8899994,173.8699951,169.0899963,172.6999969,3443300,0,0
2024-09-25 00:00:00-04:00,171.7599945,173.4499969,168.7200012,169.6499939,2353500,0,0
2024-09-26 00:00:00-04:00,169.3200073,171.3699951,165.9149933,171.2100067,2740900,0,0
2024-09-27 00:00:00-04:00,171.1199951,172.8300018,168.1000061,169.7799988,1669800,0,0
2024-09-30 00:00:00-04:00,167.8999939,175,165.9900055,174.1100006,2600900,0,0
2024-10-01 00:00:00-04:00,174.3099976,178.3999939,172.1000061,175.8000031,3495700,0,0
2024-10-02 00:00:00-04:00,173.8099976,177.6100006,171.8200073,176.9499969,1984100,0,0
2024-10-03 00:00:00-04:00,175.8800049,179.9299927,174.0299988,176.6399994,1761700,0,0
2024-10-04 00:00:00-04:00,179.8000031,182.8399963,176.6100006,180.1699982,2272400,0,0
2024-10-07 00:00:00-04:00,179,183.4100037,177.6499939,179.7299957,2344200,0,0
2024-10-08 00:00:00-04:00,182.1300049,191,181.7899933,190.9900055,4419700,0,0
2024-10-09 00:00:00-04:00,193.2400055,193.4900055,188.3999939,190.0700073,2588700,0,0
2024-10-10 00:00:00-04:00,188.75,193.1799927,187.7299957,191.5700073,2063100,0,0
2024-10-11 00:00:00-04:00,189.2799988,194.75,188.75,192.25,1875700,0,0
2024-10-14 00:00:00-04:00,193.5800018,194.1699982,187.7700043,189.0899963,2183100,0,0
2024-10-15 00:00:00-04:00,189,194.5740051,188.6699982,192.0200043,3619200,0,0
2024-10-16 00:00:00-04:00,192.8800049,195.1699982,189.5099945,193.3999939,1783800,0,0
2024-10-17 00:00:00-04:00,194,196.3600006,189.7949982,191.9199982,1836200,0,0
2024-10-18 00:00:00-04:00,191.1699982,193.8399963,188.2899933,191.3099976,1923000,0,0
2024-10-21 00:00:00-04:00,191.1999969,193.4900055,188.8829956,191.4900055,1569200,0,0
2024-10-22 00:00:00-04:00,190.4199982,198.0899963,189.5,197.3500061,2752700,0,0
2024-10-23 00:00:00-04:00,197.7700043,200.5,194.1399994,197.3399963,2529300,0,0
2024-10-24 00:00:00-04:00,198.8950043,203.2400055,196.3300018,200.2200012,2934400,0,0
2024-10-25 00:00:00-04:00,200,203.7200012,197.5700073,202.5299988,2535300,0,0
2024-10-28 00:00:00-04:00,205.3999939,208.3000031,204.1499939,205.0200043,2782100,0,0
2024-10-29 00:00:00-04:00,204.5800018,209.2400055,202.6999969,208.7400055,2385800,0,0
2024-10-30 00:00:00-04:00,210.375,213.9799957,207.1999969,207.3099976,5774000,0,0
2024-10-31 00:00:00-04:00,238.1999969,259.3900146,233.2799988,247.3099976,13491200,0,0
2024-11-01 00:00:00-04:00,247.3099976,248.5,228.0500031,229.0800018,5858800,0,0
2024-11-04 00:00:00-05:00,226.4900055,229.1799927,219.7100067,226.0800018,3892700,0,0
2024-11-05 00:00:00-05:00,231,236.3600006,229.0700073,235.6799927,2480700,0,0
2024-11-06 00:00:00-05:00,245,245,233.6640015,238.9299927,2997500,0,0
2024-11-07 00:00:00-05:00,239.2299957,244.8399963,238.4600067,241.4299927,2348300,0,0
2024-11-08 00:00:00-05:00,241.2299957,245.9299927,239.1900024,244.3500061,1951500,0,0
2024-11-11 00:00:00-05:00,248,254.8399963,246.8500061,250.0599976,2455800,0,0
2024-11-12 00:00:00-05:00,247,250.5559998,243.2899933,246.75,1930900,0,0
2024-11-13 00:00:00-05:00,249.3000031,249.3000031,237.6399994,239.9799957,1928600,0,0
2024-11-14 00:00:00-05:00,242.2200012,245.2400055,239.25,240.4400024,1798100,0,0
2024-11-15 00:00:00-05:00,237.8800049,242.6970062,235.1999969,241,1986200,0,0
2024-11-18 00:00:00-05:00,242.1799927,247.1349945,240.9499969,244.6900024,1622900,0,0
2024-11-19 00:00:00-05:00,240.5050049,250.6499939,240,249.4299927,1756700,0,0
2024-11-20 00:00:00-05:00,249.5,254,243.7599945,244.5,1798900,0,0
2024-11-21 00:00:00-05:00,244.3999939,249.7100067,243.5099945,248.3800049,1525300,0,0
2024-11-22 00:00:00-05:00,249.0200043,263.6099854,249.0200043,259.3599854,3881500,0,0
2024-11-25 00:00:00-05:00,265.0249939,268.3389893,257.9200134,260.7999878,9523400,0,0
2024-11-26 00:00:00-05:00,258.2099915,260.8200073,254.6000061,256,1772300,0,0
2024-11-27 00:00:00-05:00,256.0750122,256.730011,247.5,254.9700012,1765700,0,0
2024-11-29 00:00:00-05:00,258.1400146,262,257.0599976,260.4200134,1441300,0,0
2024-12-02 00:00:00-05:00,261.6400146,261.7600098,251,254.9400024,2287900,0,0
2024-12-03 00:00:00-05:00,253,256.9129944,251.0099945,255.7599945,1653200,0,0
2024-12-04 00:00:00-05:00,256.1000061,260.25,252.3999939,260.1300049,1708900,0,0
2024-12-05 00:00:00-05:00,258.6499939,262.6000061,255.2100067,255.7299957,1549500,0,0
2024-12-06 00:00:00-05:00,257.9899902,258.25,246.6799927,251.2100067,2730700,0,0
2024-12-09 00:00:00-05:00,254,257,243.8500061,244.0299988,2424200,0,0
2024-12-10 00:00:00-05:00,241.3500061,246.7799988,234.4100037,236.5200043,2972400,0,0
2024-12-11 00:00:00-05:00,239,251.7899933,237.6999969,250.9499969,2849400,0,0
2024-12-12 00:00:00-05:00,249.1450043,251.2350006,246.723999,247.7700043,1685100,0,0
2024-12-13 00:00:00-05:00,247.9499969,249.4199982,243.4799957,248.25,1233200,0,0
2024-12-16 00:00:00-05:00,248.0899963,258.4899902,248.0399933,255.7599945,2917700,0,0
2024-12-17 00:00:00-05:00,254.25,256.5499878,250.75,253.6999969,2202500,0,0
2024-12-18 00:00:00-05:00,254,257,232.2200012,233.0200043,3640300,0,0
2024-12-19 00:00:00-05:00,241.75,245.3150024,221.8899994,222.9799957,4466000,0,0
2024-12-20 00:00:00-05:00,221.9900055,225.0850067,218.4499969,224.4600067,4877100,0,0
2024-12-23 00:00:00-05:00,224,225.8800049,217.9799957,222.6000061,2064800,0,0
2024-12-24 00:00:00-05:00,223.3500061,225.8899994,222,223.8899994,870300,0,0
2024-12-26 00:00:00-05:00,223.1499939,226.6799927,220.697998,224.0599976,1332700,0,0
2024-12-27 00:00:00-05:00,219.2299957,220.6000061,211.7100067,215.0899963,2264900,0,0
2024-12-30 00:00:00-05:00,210.8200073,212.5099945,204.3049927,210.5500031,2650200,0,0
2024-12-31 00:00:00-05:00,210.0200043,210.9600067,199.0500031,203.3600006,3294500,0,0
2025-01-02 00:00:00-05:00,200.7050018,212.8899994,186.8600006,199.5599976,9449400,0,0
2025-01-03 00:00:00-05:00,188.1999969,197.5,175.4199982,177.1600037,11686600,0,0
2025-01-06 00:00:00-05:00,187.9649963,193.2799988,179.7899933,188.8500061,9373200,0,0
2025-01-07 00:00:00-05:00,199.625,207.0800018,194.7899933,198.3500061,9119700,0,0
2025-01-08 00:00:00-05:00,203.4499969,203.4499969,192.5299988,197,4483700,0,0
2025-01-10 00:00:00-05:00,193,194.0420074,186.4600067,193.0599976,3186600,0,0
2025-01-13 00:00:00-05:00,189.1849976,194.6000061,188.5460052,194.5099945,2926900,0,0
2025-01-14 00:00:00-05:00,197.3000031,199.2700043,191.6600037,195.1900024,2367800,0,0
2025-01-15 00:00:00-05:00,202.3099976,214.0399933,199.0099945,214.0399933,4520000,0,0
2025-01-16 00:00:00-05:00,218.2250061,238,216.9100037,231.9199982,8036300,0,0
2025-01-17 00:00:00-05:00,231.6799927,233.6000061,225.1690063,230.4900055,3109000,0,0
2025-01-21 00:00:00-05:00,233.3300018,236.0899963,228.3800049,232.3200073,1853700,0,0
2025-01-22 00:00:00-05:00,238.8699951,243.6100006,233.9400024,234.0500031,2226500,0,0
2025-01-23 00:00:00-05:00,232.5249939,243.4799957,230.8999939,243.1199951,1997500,0,0
2025-01-24 00:00:00-05:00,242.8999939,244.5599976,239.1999969,240.4700012,1622000,0,0
2025-01-27 00:00:00-05:00,234.8699951,248.5,234.026001,242.1499939,1677100,0,0
2025-01-28 00:00:00-05:00,240.0800018,246,232.9600067,244.8500061,1814600,0,0
2025-01-29 00:00:00-05:00,245.0099945,246.75,241.2599945,245.4600067,1157400,0,0
2025-01-30 00:00:00-05:00,248.6300049,252.6399994,242.3000031,243.9400024,2207500,0,0
2025-01-31 00:00:00-05:00,250.0299988,255.9900055,246.1499939,247.4799957,3449700,0,0
2025-02-03 00:00:00-05:00,240.9649963,253.7100067,240.9649963,251.6300049,2431900,0,0
2025-02-04 00:00:00-05:00,251.6399994,259.5400085,251.5399933,257.6499939,2484900,0,0
2025-02-05 00:00:00-05:00,257.6600037,259,253.6000061,255.9799957,1407000,0,0
2025-02-06 00:00:00-05:00,259.0950012,263.2099915,254.8899994,263.1700134,1917100,0,0
2025-02-07 00:00:00-05:00,261.9899902,265.0899963,259.5830078,264.0700073,1692800,0,0
2025-02-10 00:00:00-05:00,264.3999939,270.1799927,258,267.8099976,2439700,0,0
2025-02-11 00:00:00-05:00,268.5499878,272.9599915,265.8200073,271.1499939,1695700,0,0
2025-02-12 00:00:00-05:00,265,270.6099854,260.7999878,267.9299927,2134900,0,0
2025-02-13 00:00:00-05:00,268.2600098,273.3699951,264.230011,272.3999939,1703200,0,0
2025-02-14 00:00:00-05:00,273.5,286.3800049,272.980011,285.3299866,3945800,0,0
2025-02-18 00:00:00-05:00,287,291.269989,282.8099976,284.5299988,2966900,0,0
2025-02-19 00:00:00-05:00,283,292.8399963,280.2000122,281.8200073,7752000,0,0
2025-02-20 00:00:00-05:00,264.8900146,267.6499939,234.2400055,247.7200012,13149200,0,0
2025-02-21 00:00:00-05:00,247.0899963,247.8880005,223.0099945,223.3000031,6863200,0,0
2025-02-24 00:00:00-05:00,222.75,225.673996,207.8500061,215.6499939,5810000,0,0
2025-02-25 00:00:00-05:00,218.5,225.5500031,212.3300018,221.6799927,5146100,0,0
2025-02-26 00:00:00-05:00,226.3699951,236.1900024,226.3699951,232.6300049,4030500,0,0
2025-02-27 00:00:00-05:00,233.1799927,237.9900055,222.8410034,223.2100067,3021500,0,0
2025-02-28 00:00:00-05:00,223.375,233.8399963,221.3950043,233.1000061,3070700,0,0
2025-03-03 00:00:00-05:00,234.5,237.8699951,217.9400024,219.4499969,4200700,0,0
2025-03-04 00:00:00-05:00,211.2899933,222.75,196,215.0899963,6891800,0,0
2025-03-05 00:00:00-05:00,215.5700073,216.6499939,206.4700012,215.8899994,3255700,0,0
2025-03-06 00:00:00-05:00,207.1100006,211.5279999,186.5399933,186.8500061,6288600,0,0
2025-03-07 00:00:00-05:00,186.2100067,192,171.0500031,188.4700012,8350500,0,0
2025-03-10 00:00:00-04:00,179.9700012,183.6300049,166.25,171.6100006,7095700,0,0
2025-03-11 00:00:00-04:00,171.7200012,176.5,166.7599945,172.2200012,5079700,0,0
2025-03-12 00:00:00-04:00,183.25,190.7129974,174.8999939,179.2899933,4396100,0,0
2025-03-13 00:00:00-04:00,177.6950073,178.25,163.6089935,166.6699982,5156000,0,0
2025-03-14 00:00:00-04:00,173.9700012,181.8500061,172,181.1799927,5690600,0,0
2025-03-17 00:00:00-04:00,178.8999939,189.5899963,178.5500031,186.5,3269900,0,0
2025-03-18 00:00:00-04:00,183.5449982,186.4550018,165.5500031,166.5200043,5400800,0,0
2025-03-19 00:00:00-04:00,167.8099976,179.7630005,161.6399994,176.0899963,5733400,0,0
2025-03-20 00:00:00-04:00,180.4649963,196.6300049,177,185.4199982,8333300,0,0
2025-03-21 00:00:00-04:00,180,194.5800018,177.7779999,190.9499969,6170600,0,0
2025-03-24 00:00:00-04:00,200.2899933,215.25,199,213.6300049,5091100,0,0
2025-03-25 00:00:00-04:00,221.7200012,225.8000031,214.2200012,221.6600037,7071900,0,0
2025-03-26 00:00:00-04:00,221.2799988,222.6600037,201.8399963,204.8699951,4382400,0,0
2025-03-27 00:00:00-04:00,202.2200012,211.9900055,195.6499939,203.9499969,5002100,0,0
2025-03-28 00:00:00-04:00,203.5299988,205.6799927,196.0899963,204.4100037,2716300,0,0
2025-03-31 00:00:00-04:00,197.6499939,213.7700043,193.5,209.0800018,4844500,0,0
2025-04-01 00:00:00-04:00,208.3000031,213.1799927,202.5500031,212.5899963,2169400,0,0
2025-04-02 00:00:00-04:00,207.6100006,230.7630005,206.8439941,226.3200073,4671600,0,0
2025-04-03 00:00:00-04:00,205.2100067,211.1000061,177.2200012,181.7899933,10777600,0,0
2025-04-04 00:00:00-04:00,170,172.9900055,154.6450043,162.5700073,11057900,0,0
2025-04-07 00:00:00-04:00,149.6699982,188.3000031,148.25,167.8699951,6916500,0,0
2025-04-08 00:00:00-04:00,184.9100037,197.4199982,171.7799988,176.3200073,10277900,0,0
2025-04-09 00:00:00-04:00,176.4799957,221.8999939,173.9600067,220.4400024,10823500,0,0
2025-04-10 00:00:00-04:00,203,208.9750061,193.5200043,203.6600037,6469400,0,0
2025-04-11 00:00:00-04:00,200,206.9799957,192.5599976,206.1999969,3914900,0,0
2025-04-14 00:00:00-04:00,214.4100037,215.6000061,197.8600006,204.7299957,2745800,0,0
2025-04-15 00:00:00-04:00,209.3000031,220.5,208.9900055,213.8099976,5224100,0,0
2025-04-16 00:00:00-04:00,208.7400055,212.9100037,200.5200043,209.3000031,2436000,0,0
2025-04-17 00:00:00-04:00,210.2200012,216.8000031,208.5599976,211.4100037,2442000,0,0
2025-04-21 00:00:00-04:00,209.1300049,212.1849976,194.0200043,195.8300018,3391100,0,0
2025-04-22 00:00:00-04:00,204.1000061,220,203.5,211.9499969,4811600,0,0
2025-04-23 00:00:00-04:00,223.6900024,225.2299957,213.4400024,220.9400024,5245200,0,0
2025-04-24 00:00:00-04:00,222.6199951,236.7850037,220,235.0200043,3781900,0,0
2025-04-25 00:00:00-04:00,235.2899933,242.7899933,234.3600006,237.1499939,2948800,0,0
2025-04-28 00:00:00-04:00,239.0399933,243.4299927,235.5399933,241.5299988,2532000,0,0
2025-04-29 00:00:00-04:00,240.7400055,244.2259979,237.0099945,243.5899963,1681200,0,0
2025-04-30 00:00:00-04:00,234.1999969,244.7599945,229.3999939,244.3500061,2672600,0,0
2025-05-01 00:00:00-04:00,248,264.1700134,245,251.8699951,4380400,0,0
2025-05-02 00:00:00-04:00,254.3999939,258.8200073,250.8890076,257.1000061,2198100,0,0
2025-05-05 00:00:00-04:00,254.4799957,262.5239868,253.8200073,259.5700073,2131700,0,0
2025-05-06 00:00:00-04:00,255,260.973999,253.4900055,258.8099976,3192800,0,0
2025-05-07 00:00:00-04:00,256.7799988,263,255.7899933,259.1700134,5617100,0,0
2025-05-08 00:00:00-04:00,275.7000122,293.6199951,270,285.5299988,9215800,0,0
2025-05-09 00:00:00-04:00,281.3399963,284.2279968,267.6099854,268.1199951,8150000,0,0
2025-05-12 00:00:00-04:00,278.5150146,279.8699951,267.1799927,279.6199951,4094100,0,0
2025-05-13 00:00:00-04:00,280.5599976,299,278.4909973,293.0599976,5888900,0,0
2025-05-14 00:00:00-04:00,297.2799988,311.8800049,296.6799927,305.519989,6483300,0,0
2025-05-15 00:00:00-04:00,302.6400146,304.0100098,293.730011,297.3999939,3294600,0,0
2025-05-16 00:00:00-04:00,299.75,304.1400146,294.2200012,299.8900146,3677300,0,0
2025-05-19 00:00:00-04:00,294.5,306.980011,293.0599976,305.2099915,3758600,0,0
2025-05-20 00:00:00-04:00,301.8999939,302.6210022,293.1099854,302.2900085,3937100,0,0
2025-05-21 00:00:00-04:00,294.1700134,298.4899902,291.2999878,292.0899963,4025000,0,0
2025-05-22 00:00:00-04:00,291.9899902,304.3900146,290,302.25,3648400,0,0
2025-05-23 00:00:00-04:00,297.5,308.0400085,295.0899963,304.1099854,2549400,0,0
2025-05-27 00:00:00-04:00,311.3699951,313.3399963,304.7900085,312.9100037,3109100,0,0
2025-05-28 00:00:00-04:00,316.8999939,323.1300049,313,320.3099976,3510500,0,0
2025-05-29 00:00:00-04:00,323.5700073,323.5700073,315.6600037,319.6499939,2093700,0,0
2025-05-30 00:00:00-04:00,318.0750122,327.75,316.1900024,327.1600037,4461200,0,0
2025-06-02 00:00:00-04:00,326.2399902,332,316.4100037,331.4400024,3638300,0,0
2025-06-03 00:00:00-04:00,335,340.9400024,332.2999878,340.1199951,3450900,0,0
2025-06-04 00:00:00-04:00,338.9599915,347.3099976,335.0899963,345.6400146,3682200,0,0
2025-06-05 00:00:00-04:00,344.019989,348.6740112,338.5100098,343.2999878,3967700,0,0
2025-06-06 00:00:00-04:00,347.7799988,351.4299927,339.1700134,341.4599915,2991700,0,0
2025-06-09 00:00:00-04:00,336.8999939,342.5,329.0100098,339.9100037,3361600,0,0
2025-06-10 00:00:00-04:00,342.2200012,345.0950012,330.4899902,338.5,2395500,0,0
2025-06-11 00:00:00-04:00,339.4299927,342.6499939,333.2900085,340.3200073,2081800,0,0
2025-06-12 00:00:00-04:00,335.8299866,337.5299988,317.75,318.9500122,4742200,0,0
2025-06-13 00:00:00-04:00,306.3699951,313,295.3900146,297.0299988,6612200,0,0
2025-06-16 00:00:00-04:00,302.0549927,304.4200134,283.6700134,290.0499878,5113600,0,0
2025-06-17 00:00:00-04:00,288.5,295.4689941,288.5,293.980011,3388900,0,0
2025-06-18 00:00:00-04:00,291.2000122,308.7000122,290.8999939,307.9100037,3529100,0,0
2025-06-20 00:00:00-04:00,312.7000122,321.5,308.2430115,319.8900146,5279400,0,0
2025-06-23 00:00:00-04:00,315.2999878,323.3800049,308.3299866,320.0799866,2660500,0,0
2025-06-24 00:00:00-04:00,325.1499939,328.2000122,321.6679993,322.9700012,2592400,0,0
2025-06-25 00:00:00-04:00,325.1700134,326.769989,311.7799988,315.7600098,1976300,0,0
2025-06-26 00:00:00-04:00,316.2900085,317,305.0799866,306.480011,3652000,0,0
2025-06-27 00:00:00-04:00,308.730011,320,306.5,319.2600098,7941100,0,0
2025-06-30 00:00:00-04:00,323,339.3399963,323,336.9599915,4572700,0,0
2025-07-01 00:00:00-04:00,335.8999939,343.8900146,332.5799866,338.2600098,3332200,0,0
2025-07-02 00:00:00-04:00,338.0799866,348,336.8800049,343.3900146,2991800,0,0
2025-07-03 00:00:00-04:00,344.7799988,349.8970032,338.5700073,348.3299866,1542900,0,0
2025-07-07 00:00:00-04:00,347.7000122,359.8999939,345.8999939,357.3200073,3160600,0,0
2025-07-08 00:00:00-04:00,361.75,364,342.7000122,345.9200134,2840600,0,0
2025-07-09 00:00:00-04:00,349.9200134,353.9299927,343,351.0899963,1902000,0,0
2025-07-10 00:00:00-04:00,349.3500061,357.4700012,345.4100037,345.5499878,2131100,0,0
2025-07-11 00:00:00-04:00,344.4599915,351.9400024,341.6040039,343.6700134,1874100,0,0
2025-07-14 00:00:00-04:00,346.25,354.5299988,342.8099976,347.3399963,1956700,0,0
2025-07-15 00:00:00-04:00,346.5100098,349.019989,337.5499878,348.4100037,1871600,0,0
2025-07-16 00:00:00-04:00,351,358.4909973,347,352.019989,3574400,0,0
2025-07-17 00:00:00-04:00,352.0499878,358.5799866,344.2900085,346.1000061,3341700,0,0
2025-07-18 00:00:00-04:00,349.1700134,349.7799988,336.7200012,347.519989,2800500,0,0
2025-07-21 00:00:00-04:00,344.0849915,345.8900146,338.8349915,341.9200134,1562200,0,0
2025-07-22 00:00:00-04:00,341.769989,346.8800049,331.1300049,341.5599976,2630900,0,0
2025-07-23 00:00:00-04:00,338.7900085,343.4400024,331.8399963,343,3224300,0,0
2025-07-24 00:00:00-04:00,342.3999939,342.3999939,325.8599854,326.0899963,2656400,0,0
2025-07-25 00:00:00-04:00,336,339.8299866,328.8699951,332.1199951,2065900,0,0
2025-07-28 00:00:00-04:00,335.8099976,339.8200073,333.0100098,336.3299866,2266200,0,0
2025-07-29 00:00:00-04:00,338.4500122,344.9599915,327.1300049,336.5,3503700,0,0
2025-07-30 00:00:00-04:00,336.4599915,340.7999878,328.5799866,333.5899963,3986400,0,0
2025-07-31 00:00:00-04:00,390.2349854,413.3349915,383.5,390.1700134,10884200,0,0
2025-08-01 00:00:00-04:00,380.9899902,384.2609863,365,367.7799988,5050500,0,0
2025-08-04 00:00:00-04:00,369.7200012,371.4400024,352.3699951,360.6600037,3786600,0,0
2025-08-05 00:00:00-04:00,365.0899963,369.4920044,346.1799927,350.7399902,3351600,0,0
2025-08-06 00:00:00-04:00,351.1650085,357.4200134,345.7200012,354.8900146,1988300,0,0
2025-08-07 00:00:00-04:00,362.8399963,368.3699951,351.4599915,357.75,2180800,0,0
2025-08-08 00:00:00-04:00,356.730011,357.230011,341.3500061,347.5599976,2820900,0,0
2025-08-11 00:00:00-04:00,347.7999878,349.3999939,339.1099854,345.25,2262900,0,0
2025-08-12 00:00:00-04:00,352,354.5,335.1600037,345.1099854,2745100,0,0
2025-08-13 00:00:00-04:00,347.7850037,351.4899902,343.3999939,349.8699951,2329800,0,0
2025-08-14 00:00:00-04:00,346.4500122,348.8699951,340.6499939,342.5899963,1752100,0,0
2025-08-15 00:00:00-04:00,344.1600037,351.5369873,338.4700012,349.9899902,3650300,0,0
2025-08-18 00:00:00-04:00,350.5,359.9100037,350,358.7550049,736016,0,0
